Contact Id,Please enter your name,ResponseID,StartDate,EndDate,Belief in Self Raw Score,Belief in Self T-Score,Belief in Others Raw Score,Belief in Others T-Score,Emotional Competence Raw Score,Emotional Competence T-Score,Engaged Living Raw Score,Engaged Living T-Score,CoVitality Raw Score,CoVitality T-Score,CoVitality Category,Psychological Distress Raw Score,Psychological Distress T-Score,Psychological Distress Category,Dual-Factor Category,Strength,Enhance,Growth,Persistence,School Support,Empathy,Gratitude,Family Coherence,Self-awareness,Self-control,Self-efficacy,Peer Support,Zest,Emotion Regulation,Optimism
0031M00002taIGRQA2,elijah jackson,208592,06/06/2019,06/06/2019,28,53.67,27,50.0,25,46.83,32,56.28,112,52.5,High Average,32,59.52,Normal,6. Moderate Thriving,"Persistence,School Support,Empathy,Gratitude,Family Coherence,Self-awareness","Self-control,Self-efficacy,Peer Support,Zest,Emotion Regulation,Optimism",,Strength,Strength,Strength,Strength,Strength,Strength,Enhance,Enhance,Enhance,Enhance,Enhance,Enhance
0031M00002taM7DQAU,Jesus Ramirez Salcido,208665,06/06/2019,06/06/2019,28,53.67,32,58.47,29,53.5,35,60.13,124,58.16,High Average,29,56.67,Normal,6. Moderate Thriving,"Persistence,Self-control,Self-efficacy,Peer Support,Empathy,Gratitude,Family Coherence,Self-awareness","School Support,Zest,Emotion Regulation,Optimism",,Strength,Enhance,Strength,Strength,Strength,Strength,Strength,Strength,Strength,Enhance,Enhance,Enhance
0031M00002taMIkQAM,Edith Piaf,208758,06/06/2019,06/06/2019,24,47.0,33,60.17,26,48.5,27,49.87,110,51.56,High Average,38,65.24,At Risk,9. Inconsistent,"School Support,Peer Support,Empathy,Family Coherence","Persistence,Self-control,Self-efficacy,Zest,Emotion Regulation,Self-awareness,Optimism",Gratitude,Enhance,Strength,Strength,Growth,Strength,Enhance,Enhance,Enhance,Strength,Enhance,Enhance,Enhance
0031M00002taPX0QAM,Jeffrey Nguyen,208584,06/06/2019,06/06/2019,30,57.0,33,60.17,32,58.5,31,55.0,126,59.1,High Average,16,44.29,Normal,6. Moderate Thriving,"Persistence,School Support,Self-control,Self-efficacy,Peer Support,Empathy,Gratitude,Family Coherence,Emotion Regulation,Self-awareness",Optimism,Zest,Strength,Strength,Strength,Strength,Strength,Strength,Strength,Strength,Strength,Growth,Strength,Enhance
0031M00002tb6KxQAI,Adrian Terriquez,208596,06/06/2019,06/06/2019,30,57.0,36,65.25,29,53.5,31,55.0,126,59.1,High Average,23,50.95,Normal,6. Moderate Thriving,"Persistence,School Support,Self-efficacy,Peer Support,Empathy,Family Coherence,Emotion Regulation,Self-awareness","Self-control,Gratitude,Zest,Optimism",,Strength,Strength,Strength,Enhance,Strength,Strength,Enhance,Strength,Strength,Enhance,Strength,Enhance
0031M00002tbaZyQAI,Cynthia Cervantes,208692,06/06/2019,06/06/2019,22,43.67,26,48.31,27,50.17,26,48.59,101,47.31,Low Average,19,47.14,Normal,5. Getting By,"School Support,Self-control,Empathy,Family Coherence,Emotion Regulation","Persistence,Self-efficacy,Peer Support,Gratitude,Self-awareness,Optimism",Zest,Enhance,Strength,Strength,Enhance,Strength,Enhance,Strength,Enhance,Enhance,Growth,Strength,Enhance
0031M00002tbbF4QAI,Jose Alvarez,208694,06/06/2019,06/06/2019,25,48.67,33,60.17,32,58.5,35,60.13,125,58.63,High Average,44,70.95,Elevated,8. Inconsistent,"School Support,Self-control,Peer Support,Empathy,Gratitude,Zest,Family Coherence,Emotion Regulation,Self-awareness","Persistence,Self-efficacy,Optimism",,Enhance,Strength,Strength,Strength,Strength,Strength,Strength,Enhance,Strength,Strength,Strength,Enhance
0031M00002tbeejQAA,Olimar Romero,208610,06/06/2019,06/06/2019,24,47.0,27,50.0,28,51.83,25,47.31,104,48.73,Low Average,24,51.9,Normal,5. Getting By,"School Support,Self-control,Self-efficacy,Peer Support,Empathy,Family Coherence,Emotion Regulation,Self-awareness","Persistence,Gratitude","Zest,Optimism",Enhance,Strength,Strength,Enhance,Strength,Strength,Strength,Strength,Strength,Growth,Strength,Growth
0031M00002tbj5DQAQ,Chantel Brewster,208709,06/06/2019,06/06/2019,16,33.67,19,36.44,28,51.83,16,35.77,79,36.93,Low,55,81.43,Elevated,1. Highest Risk,"Self-control,Empathy,Emotion Regulation","School Support,Self-efficacy,Family Coherence","Persistence,Peer Support,Gratitude,Zest,Self-awareness,Optimism",Growth,Enhance,Strength,Growth,Enhance,Growth,Strength,Enhance,Growth,Growth,Strength,Growth
0031M00002tbkcCQAQ,Amani Robertson,208662,06/06/2019,06/06/2019,25,48.67,23,43.22,24,45.17,25,47.31,97,45.42,Low Average,25,52.86,Normal,5. Getting By,"School Support,Self-efficacy,Peer Support,Empathy,Gratitude,Self-awareness","Persistence,Self-control,Emotion Regulation","Zest,Family Coherence,Optimism",Enhance,Strength,Strength,Strength,Growth,Strength,Enhance,Strength,Strength,Growth,Enhance,Growth
0031M00002tbkxPQAQ,LiTong Liu,208585,06/06/2019,06/06/2019,23,45.33,34,61.86,34,61.83,18,38.33,109,51.08,High Average,34,61.43,At Risk,9. Inconsistent,"School Support,Self-control,Self-efficacy,Peer Support,Empathy,Family Coherence,Emotion Regulation","Persistence,Optimism","Gratitude,Zest,Self-awareness",Enhance,Strength,Strength,Growth,Strength,Growth,Strength,Strength,Strength,Growth,Strength,Enhance
0031M00002tblCeQAI,Jack Dao,208663,06/06/2019,06/06/2019,33,62.0,36,65.25,36,65.17,36,61.41,141,66.18,High,12,40.48,Normal,7. High Thriving,"Persistence,School Support,Self-control,Self-efficacy,Peer Support,Empathy,Gratitude,Zest,Family Coherence,Emotion Regulation,Self-awareness",Optimism,,Strength,Strength,Strength,Strength,Strength,Strength,Strength,Strength,Strength,Strength,Strength,Enhance
0031M00002tbldgQAA,Hafid Garcia,208597,06/06/2019,06/06/2019,26,50.33,27,50.0,27,50.17,33,57.56,113,52.97,High Average,13,41.43,Normal,6. Moderate Thriving,"Persistence,School Support,Self-control,Peer Support,Empathy,Gratitude,Zest,Family Coherence,Emotion Regulation,Self-awareness","Self-efficacy,Optimism",,Strength,Strength,Strength,Strength,Strength,Strength,Strength,Enhance,Strength,Strength,Strength,Enhance
0031M00002tblOpQAI,Austin Tran,208684,06/06/2019,06/06/2019,26,50.33,28,51.69,27,50.17,27,49.87,108,50.61,Low Average,23,50.95,Normal,5. Getting By,"School Support,Self-control,Self-efficacy,Peer Support,Empathy,Gratitude,Emotion Regulation,Self-awareness","Persistence,Zest","Family Coherence,Optimism",Enhance,Strength,Strength,Strength,Growth,Strength,Strength,Strength,Strength,Enhance,Strength,Growth
0031M00002tbXguQAE,Brenda Guzman,208760,06/06/2019,06/06/2019,19,38.67,24,44.92,21,40.17,27,49.87,91,42.59,Low Average,21,49.05,Normal,5. Getting By,"School Support,Empathy,Gratitude,Family Coherence","Self-control,Self-efficacy,Peer Support,Emotion Regulation,Self-awareness","Persistence,Zest,Optimism",Growth,Strength,Strength,Strength,Strength,Enhance,Enhance,Enhance,Enhance,Growth,Enhance,Growth
0031M00002tbYCXQA2,Reyna Isabel Martinez Lagunas,208696,06/06/2019,06/06/2019,23,45.33,25,46.61,29,53.5,24,46.03,101,47.31,Low Average,43,70.0,Elevated,1. Highest Risk,"School Support,Self-control,Self-efficacy,Empathy,Emotion Regulation","Persistence,Peer Support,Gratitude,Family Coherence,Self-awareness","Zest,Optimism",Enhance,Strength,Strength,Enhance,Enhance,Enhance,Strength,Strength,Enhance,Growth,Strength,Growth
0031M00002tcrdXQAQ,Emmanuel Huerta-Rosas,208605,06/06/2019,06/06/2019,27,52.0,27,50.0,27,50.17,27,49.87,108,50.61,Low Average,27,54.76,Normal,5. Getting By,"Persistence,School Support,Self-control,Self-efficacy,Peer Support,Empathy,Family Coherence,Emotion Regulation,Self-awareness","Gratitude,Zest,Optimism",,Strength,Strength,Strength,Enhance,Strength,Strength,Strength,Strength,Strength,Enhance,Strength,Enhance
0031M00002tcrOIQAY,Natalie Tenis-Beas,208577,06/06/2019,06/06/2019,24,47.0,29,53.39,35,63.5,27,49.87,115,53.92,High Average,26,53.81,Normal,6. Moderate Thriving,"School Support,Self-control,Peer Support,Empathy,Family Coherence,Emotion Regulation,Self-awareness","Persistence,Self-efficacy,Gratitude,Zest",Optimism,Enhance,Strength,Strength,Enhance,Strength,Strength,Strength,Enhance,Strength,Enhance,Strength,Growth
0031M00002tdwpJQAQ,Ervin Bailey,208697,06/06/2019,06/06/2019,23,45.33,28,51.69,26,48.5,32,56.28,109,51.08,High Average,12,40.48,Normal,6. Moderate Thriving,"School Support,Empathy,Gratitude,Family Coherence,Emotion Regulation","Persistence,Self-control,Self-efficacy,Peer Support,Zest,Self-awareness,Optimism",,Enhance,Strength,Strength,Strength,Strength,Enhance,Enhance,Enhance,Enhance,Enhance,Strength,Enhance
0031M00002tPc7JQAS,Andherson Chales,208598,06/06/2019,06/06/2019,29,55.33,28,51.69,28,51.83,35,60.13,120,56.27,High Average,12,40.48,Normal,6. Moderate Thriving,"Persistence,School Support,Self-control,Self-efficacy,Peer Support,Empathy,Gratitude,Zest,Family Coherence,Emotion Regulation,Self-awareness",Optimism,,Strength,Strength,Strength,Strength,Strength,Strength,Strength,Strength,Strength,Strength,Strength,Enhance
0031M00002tPlOZQA0,Katherine,208759,06/06/2019,06/06/2019,26,50.33,29,53.39,28,51.83,33,57.56,116,54.39,High Average,23,50.95,Normal,6. Moderate Thriving,"School Support,Self-efficacy,Peer Support,Empathy,Gratitude,Emotion Regulation,Self-awareness","Persistence,Self-control,Zest,Family Coherence",Optimism,Enhance,Strength,Strength,Strength,Enhance,Strength,Enhance,Strength,Strength,Enhance,Strength,Growth
0031M00002tPnUaQAK,Naraly Rodriguez,208765,06/06/2019,06/06/2019,29,55.33,32,58.47,35,63.5,34,58.85,130,60.99,High,18,46.19,Normal,7. High Thriving,"Persistence,School Support,Self-control,Self-efficacy,Peer Support,Empathy,Gratitude,Emotion Regulation,Self-awareness","Zest,Family Coherence,Optimism",,Strength,Strength,Strength,Strength,Enhance,Strength,Strength,Strength,Strength,Enhance,Strength,Enhance
0031M00002tQHmRQAW,Guillermo Martinez,208579,06/06/2019,06/06/2019,25,48.67,32,58.47,31,56.83,26,48.59,114,53.44,High Average,39,66.19,At Risk,9. Inconsistent,"School Support,Self-control,Self-efficacy,Peer Support,Empathy,Gratitude,Emotion Regulation","Persistence,Zest,Family Coherence,Self-awareness",Optimism,Enhance,Strength,Strength,Strength,Enhance,Enhance,Strength,Strength,Strength,Enhance,Strength,Growth
0031M00002tQJ0aQAG,Muk Shar Wah,208708,06/06/2019,06/06/2019,21,42.0,26,48.31,25,46.83,29,52.44,101,47.31,Low Average,18,46.19,Normal,5. Getting By,"School Support,Peer Support,Empathy,Emotion Regulation","Self-control,Self-efficacy,Gratitude,Zest,Family Coherence,Self-awareness,Optimism",Persistence,Growth,Strength,Strength,Enhance,Enhance,Enhance,Enhance,Enhance,Strength,Enhance,Strength,Enhance
0031M00002tQJqTQAW,Ricardo Munoz,208701,06/06/2019,06/06/2019,32,60.33,35,63.56,34,61.83,32,56.28,133,62.41,High,14,42.38,Normal,7. High Thriving,"Persistence,School Support,Self-control,Self-efficacy,Peer Support,Empathy,Family Coherence,Emotion Regulation,Self-awareness,Optimism","Gratitude,Zest",,Strength,Strength,Strength,Enhance,Strength,Strength,Strength,Strength,Strength,Enhance,Strength,Strength
0031M00002tQJSvQAO,Edgar Tolento,208704,06/06/2019,06/06/2019,19,38.67,36,65.25,34,61.83,11,29.36,100,46.84,Low Average,34,61.43,At Risk,3. Vulnerable,"School Support,Self-control,Peer Support,Empathy,Family Coherence,Emotion Regulation","Persistence,Self-efficacy,Self-awareness","Gratitude,Zest,Optimism",Enhance,Strength,Strength,Growth,Strength,Enhance,Strength,Enhance,Strength,Growth,Strength,Growth
0031M00002tQJXWQA4,Daisy Rodriguez,208698,06/06/2019,06/06/2019,27,52.0,35,63.56,33,60.17,33,57.56,128,60.05,High,22,50.0,Normal,7. High Thriving,"Persistence,School Support,Self-control,Peer Support,Empathy,Gratitude,Family Coherence,Emotion Regulation,Self-awareness","Self-efficacy,Zest,Optimism",,Strength,Strength,Strength,Strength,Strength,Strength,Strength,Enhance,Strength,Enhance,Strength,Enhance
0031M00002tQLCdQAO,phearum prom,208599,06/06/2019,06/06/2019,26,50.33,25,46.61,24,45.17,33,57.56,108,50.61,Low Average,29,56.67,Normal,5. Getting By,"School Support,Self-efficacy,Peer Support,Gratitude,Self-awareness","Persistence,Self-control,Empathy,Zest,Family Coherence,Emotion Regulation,Optimism",,Enhance,Strength,Enhance,Strength,Enhance,Strength,Enhance,Strength,Strength,Enhance,Enhance,Enhance
0031M00002tQPQXQA4,Rochelle Berdan,208580,06/06/2019,06/06/2019,33,62.0,32,58.47,35,63.5,33,57.56,133,62.41,High,14,42.38,Normal,7. High Thriving,"Persistence,School Support,Self-control,Self-efficacy,Peer Support,Empathy,Gratitude,Emotion Regulation,Self-awareness","Zest,Family Coherence,Optimism",,Strength,Strength,Strength,Strength,Enhance,Strength,Strength,Strength,Strength,Enhance,Strength,Enhance
0031M00002ts1TgQAI,Daymonee Johnson,208604,06/06/2019,06/06/2019,33,62.0,33,60.17,31,56.83,36,61.41,133,62.41,High,19,47.14,Normal,7. High Thriving,"Persistence,School Support,Self-control,Self-efficacy,Peer Support,Empathy,Gratitude,Family Coherence,Emotion Regulation,Self-awareness,Optimism",Zest,,Strength,Strength,Strength,Strength,Strength,Strength,Strength,Strength,Strength,Enhance,Strength,Strength
0031M00002tZntWQAS,Kevin Arzola,208702,06/06/2019,06/06/2019,24,47.0,26,48.31,20,38.5,28,51.15,98,45.9,Low Average,18,46.19,Normal,5. Getting By,"Gratitude,Family Coherence,Self-awareness","Persistence,School Support,Self-efficacy,Peer Support,Empathy,Zest,Emotion Regulation","Self-control,Optimism",Enhance,Enhance,Enhance,Strength,Strength,Strength,Growth,Enhance,Enhance,Enhance,Enhance,Growth
0034600001TQtL6AAL,Hu Taw,208693,06/06/2019,06/06/2019,28,53.67,29,53.39,24,45.17,29,52.44,110,51.56,High Average,23,50.95,Normal,6. Moderate Thriving,"School Support,Self-efficacy,Peer Support,Empathy,Family Coherence,Self-awareness,Optimism","Persistence,Self-control,Zest,Emotion Regulation",Gratitude,Enhance,Strength,Strength,Growth,Strength,Strength,Enhance,Strength,Strength,Enhance,Enhance,Strength
0034600001UbDbGAAV,Abisika Jegatheeswaran,208671,06/06/2019,06/06/2019,20,40.33,25,46.61,29,53.5,17,37.05,91,42.59,Low Average,21,49.05,Normal,5. Getting By,"Self-control,Peer Support,Empathy,Family Coherence,Emotion Regulation","School Support,Self-efficacy,Self-awareness","Persistence,Gratitude,Zest,Optimism",Growth,Enhance,Strength,Growth,Strength,Enhance,Strength,Enhance,Strength,Growth,Strength,Growth
0034600001UbDJbAAN,Joseph Lau,208710,06/06/2019,06/06/2019,28,53.67,32,58.47,23,43.5,34,58.85,117,54.86,High Average,15,43.33,Normal,6. Moderate Thriving,"School Support,Self-efficacy,Gratitude,Family Coherence,Self-awareness","Persistence,Self-control,Peer Support,Empathy,Zest,Emotion Regulation,Optimism",,Enhance,Strength,Enhance,Strength,Strength,Strength,Enhance,Strength,Enhance,Enhance,Enhance,Enhance
0034600001UbDTCAA3,Elizabeth Castillo,208762,06/06/2019,06/06/2019,27,52.0,27,50.0,27,50.17,24,46.03,105,49.2,Low Average,14,42.38,Normal,5. Getting By,"Persistence,School Support,Self-control,Self-efficacy,Peer Support,Empathy,Family Coherence,Emotion Regulation,Self-awareness","Gratitude,Optimism",Zest,Strength,Strength,Strength,Enhance,Strength,Strength,Strength,Strength,Strength,Growth,Strength,Enhance
0034600001VYjVsAAL,William Martinez,208608,06/06/2019,06/06/2019,23,45.33,26,48.31,27,50.17,20,40.9,96,44.95,Low Average,47,73.81,Elevated,1. Highest Risk,"School Support,Self-efficacy,Peer Support,Empathy,Emotion Regulation","Persistence,Self-control,Family Coherence,Self-awareness","Gratitude,Zest,Optimism",Enhance,Strength,Strength,Growth,Enhance,Enhance,Enhance,Strength,Strength,Growth,Strength,Growth
0034600001VYmbrAAD,Jazmine Reyes,208763,06/06/2019,06/06/2019,33,62.0,36,65.25,32,58.5,34,58.85,135,63.35,High,13,41.43,Normal,7. High Thriving,"Persistence,School Support,Self-control,Self-efficacy,Peer Support,Empathy,Gratitude,Family Coherence,Emotion Regulation,Self-awareness","Zest,Optimism",,Strength,Strength,Strength,Strength,Strength,Strength,Strength,Strength,Strength,Enhance,Strength,Enhance
0034600001W2p65AAB,Kai Saavedra,208600,06/06/2019,06/06/2019,26,50.33,29,53.39,30,55.17,29,52.44,114,53.44,High Average,22,50.0,Normal,6. Moderate Thriving,"School Support,Self-control,Self-efficacy,Peer Support,Empathy,Family Coherence,Emotion Regulation,Self-awareness","Persistence,Gratitude,Zest,Optimism",,Enhance,Strength,Strength,Enhance,Strength,Strength,Strength,Strength,Strength,Enhance,Strength,Enhance
0034600001W3MnhAAF,Melissa Andrade Padilla,208761,06/06/2019,06/06/2019,26,50.33,26,48.31,26,48.5,30,53.72,108,50.61,Low Average,42,69.05,At Risk,3. Vulnerable,"Persistence,Peer Support,Empathy,Gratitude,Emotion Regulation,Self-awareness","School Support,Self-control,Self-efficacy,Zest,Family Coherence,Optimism",,Strength,Enhance,Strength,Strength,Enhance,Strength,Enhance,Enhance,Strength,Enhance,Strength,Enhance
0034600001W3MoBAAV,Bryan Pablo,208690,06/06/2019,06/06/2019,27,52.0,34,61.86,28,51.83,35,60.13,124,58.16,High Average,22,50.0,Normal,6. Moderate Thriving,"School Support,Self-efficacy,Peer Support,Empathy,Gratitude,Family Coherence,Emotion Regulation,Self-awareness,Optimism","Persistence,Self-control,Zest",,Enhance,Strength,Strength,Strength,Strength,Strength,Enhance,Strength,Strength,Enhance,Strength,Strength
0034600001W3MofAAF,Oscar Arana,208602,06/06/2019,06/06/2019,32,60.33,36,65.25,30,55.17,33,57.56,131,61.46,High,17,45.24,Normal,7. High Thriving,"School Support,Self-control,Self-efficacy,Peer Support,Empathy,Gratitude,Family Coherence,Emotion Regulation,Self-awareness,Optimism","Persistence,Zest",,Enhance,Strength,Strength,Strength,Strength,Strength,Strength,Strength,Strength,Enhance,Strength,Strength
0034600001W3MoLAAV,Axel pioquinto hernandez,208609,06/06/2019,06/06/2019,28,53.67,33,60.17,30,55.17,32,56.28,123,57.69,High Average,19,47.14,Normal,6. Moderate Thriving,"School Support,Self-efficacy,Peer Support,Empathy,Gratitude,Family Coherence,Emotion Regulation,Self-awareness","Persistence,Self-control,Optimism",Zest,Enhance,Strength,Strength,Strength,Strength,Strength,Enhance,Strength,Strength,Growth,Strength,Enhance
0034600001W3Mp4AAF,Diana Contreras,208589,06/06/2019,06/06/2019,27,52.0,25,46.61,32,58.5,35,60.13,119,55.8,High Average,24,51.9,Normal,6. Moderate Thriving,"School Support,Self-control,Self-efficacy,Peer Support,Empathy,Zest,Emotion Regulation,Self-awareness","Persistence,Gratitude,Family Coherence,Optimism",,Enhance,Strength,Strength,Enhance,Enhance,Strength,Strength,Strength,Strength,Strength,Strength,Enhance
0034600001W3NjuAAF,Litzy Reconco,208676,06/06/2019,06/06/2019,21,42.0,25,46.61,33,60.17,29,52.44,108,50.61,Low Average,23,50.95,Normal,5. Getting By,"School Support,Self-control,Empathy,Emotion Regulation","Persistence,Self-efficacy,Peer Support,Gratitude,Zest,Family Coherence,Self-awareness,Optimism",,Enhance,Strength,Strength,Enhance,Enhance,Enhance,Strength,Enhance,Enhance,Enhance,Strength,Enhance
0034600001WVoIFAA1,Raphael Zelaya,208768,06/06/2019,06/06/2019,24,47.0,24,44.92,23,43.5,29,52.44,100,46.84,Low Average,31,58.57,Normal,5. Getting By,"School Support,Peer Support,Empathy,Self-awareness","Persistence,Self-control,Self-efficacy,Gratitude,Zest,Family Coherence,Emotion Regulation,Optimism",,Enhance,Strength,Strength,Enhance,Enhance,Strength,Enhance,Enhance,Strength,Enhance,Enhance,Enhance
0034600001WVqi3AAD,Windy Lei,208586,06/06/2019,06/06/2019,29,55.33,31,56.78,27,50.17,32,56.28,119,55.8,High Average,19,47.14,Normal,6. Moderate Thriving,"School Support,Self-control,Self-efficacy,Peer Support,Empathy,Zest,Family Coherence,Emotion Regulation,Self-awareness","Persistence,Gratitude,Optimism",,Enhance,Strength,Strength,Enhance,Strength,Strength,Strength,Strength,Strength,Strength,Strength,Enhance
0034600001WVqPwAAL,Itzel Ascencio,208606,06/06/2019,06/06/2019,33,62.0,29,53.39,36,65.17,29,52.44,127,59.58,High Average,32,59.52,Normal,6. Moderate Thriving,"Persistence,School Support,Self-control,Self-efficacy,Empathy,Gratitude,Family Coherence,Emotion Regulation,Self-awareness","Peer Support,Zest",Optimism,Strength,Strength,Strength,Strength,Strength,Strength,Strength,Strength,Enhance,Enhance,Strength,Growth
0034600001WVt05AAD,Jordan Nguyen,208705,06/06/2019,06/06/2019,28,53.67,32,58.47,26,48.5,30,53.72,116,54.39,High Average,23,50.95,Normal,6. Moderate Thriving,"Persistence,School Support,Self-control,Self-efficacy,Peer Support,Gratitude,Family Coherence,Emotion Regulation,Self-awareness","Empathy,Zest,Optimism",,Strength,Strength,Enhance,Strength,Strength,Strength,Strength,Strength,Strength,Enhance,Strength,Enhance
0034600001WWnyJAAT,Bret Klein,208699,06/06/2019,06/06/2019,27,52.0,26,48.31,27,50.17,36,61.41,116,54.39,High Average,26,53.81,Normal,6. Moderate Thriving,"Persistence,School Support,Self-efficacy,Peer Support,Empathy,Gratitude,Emotion Regulation","Self-control,Zest,Self-awareness,Optimism",Family Coherence,Strength,Strength,Strength,Strength,Growth,Enhance,Enhance,Strength,Strength,Enhance,Strength,Enhance
0034600001WWOnTAAX,Nahlani Snow,208667,06/06/2019,06/06/2019,25,48.67,32,58.47,32,58.5,35,60.13,124,58.16,High Average,23,50.95,Normal,6. Moderate Thriving,"Self-control,Self-efficacy,Peer Support,Empathy,Gratitude,Zest,Family Coherence,Emotion Regulation","Persistence,School Support,Self-awareness",Optimism,Enhance,Enhance,Strength,Strength,Strength,Enhance,Strength,Strength,Strength,Strength,Strength,Growth
0034600001WWuQbAAL,Irma N Mendoza,208607,06/06/2019,06/06/2019,27,52.0,24,44.92,33,60.17,30,53.72,114,53.44,High Average,25,52.86,Normal,6. Moderate Thriving,"Self-control,Self-efficacy,Peer Support,Empathy,Gratitude,Family Coherence,Emotion Regulation,Self-awareness","Persistence,Optimism","School Support,Zest",Enhance,Growth,Strength,Strength,Strength,Strength,Strength,Strength,Strength,Growth,Strength,Enhance
0034600001WWWIKAA5,Shu Yin Yu,208578,06/06/2019,06/06/2019,29,55.33,27,50.0,30,55.17,32,56.28,118,55.33,High Average,29,56.67,Normal,6. Moderate Thriving,"Persistence,School Support,Self-control,Self-efficacy,Empathy,Gratitude,Emotion Regulation","Peer Support,Zest,Family Coherence,Self-awareness,Optimism",,Strength,Strength,Strength,Strength,Enhance,Enhance,Strength,Strength,Enhance,Enhance,Strength,Enhance
0034600001WWx5OAAT,Anderson Lonh,208703,06/06/2019,06/06/2019,30,57.0,29,53.39,28,51.83,27,49.87,114,53.44,High Average,13,41.43,Normal,6. Moderate Thriving,"Persistence,School Support,Self-control,Self-efficacy,Peer Support,Empathy,Family Coherence,Emotion Regulation,Self-awareness","Gratitude,Zest,Optimism",,Strength,Strength,Strength,Enhance,Strength,Strength,Strength,Strength,Strength,Enhance,Strength,Enhance
0034600001WXECnAAP,Santana Paz,208601,06/06/2019,06/06/2019,32,60.33,33,60.17,31,56.83,35,60.13,131,61.46,High,12,40.48,Normal,7. High Thriving,"Persistence,School Support,Self-control,Self-efficacy,Peer Support,Empathy,Gratitude,Family Coherence,Emotion Regulation,Self-awareness,Optimism",Zest,,Strength,Strength,Strength,Strength,Strength,Strength,Strength,Strength,Strength,Enhance,Strength,Strength
0034600001WXOmzAAH,Jaliyah Stroman,208587,06/06/2019,06/06/2019,23,45.33,31,56.78,24,45.17,24,46.03,102,47.78,Low Average,48,74.76,Elevated,1. Highest Risk,"School Support,Peer Support,Empathy,Gratitude,Emotion Regulation,Self-awareness","Persistence,Self-efficacy,Family Coherence","Self-control,Zest,Optimism",Enhance,Strength,Strength,Strength,Enhance,Strength,Growth,Enhance,Strength,Growth,Strength,Growth
0034600001WXP2dAAH,Eduardo Calona-Rolando,208581,06/06/2019,06/06/2019,24,47.0,27,50.0,28,51.83,31,55.0,110,51.56,High Average,26,53.81,Normal,6. Moderate Thriving,"School Support,Peer Support,Empathy,Family Coherence,Emotion Regulation,Self-awareness","Persistence,Self-control,Self-efficacy,Gratitude,Zest,Optimism",,Enhance,Strength,Strength,Enhance,Strength,Strength,Enhance,Enhance,Strength,Enhance,Strength,Enhance
